"id","lat","lon","n"
968039498,45.511097,-77.505333,"1"
968039557,45.634361,-77.074837,"1"
968039593,45.82732,-77.120117,"1"
968039612,45.487305,-77.746513,"2"
968039703,45.61956,-77.235771,"2"
968039959,45.828514,-77.114304,"3"
968039980,45.772522,-76.912582,"4"
968040040,45.617878,-77.103424,"6"
968040072,45.830921,-77.132652,"3"
968040107,45.791409,-76.904511,"1"
968040161,45.815537,-77.142509,"925"
968040202,45.815537,-77.142509,"1"
968040273,45.884274,-77.245216,"1"
968040333,45.82732,-77.120117,"1"
968040389,45.791409,-76.904511,"1"
968040404,45.821648,-77.300064,"3"
968040431,45.884274,-77.245216,"1"
968040448,45.812191,-77.188789,"4"
968040452,45.821648,-77.300064,"6"
968040462,45.821648,-77.300064,"8"
968040472,45.821648,-77.300064,"5"
968040483,45.821648,-77.300064,"4"
968040493,45.818989,-77.220322,"5"
968040503,45.818989,-77.220322,"6"
968040528,45.818989,-77.220322,"8"
968040570,45.818989,-77.220322,"4"
968040595,45.79464,-76.91172,"6"
968040638,45.809177,-77.366669,"2"
968040662,45.818989,-77.220322,"4"
968040720,45.620159,-77.390266,"2"
968040760,45.884056,-77.246338,"3"
968040956,45.79464,-76.91172,"4"
968041021,45.809177,-77.366669,"6"
968041070,45.886333,-77.313278,"2"
968041107,45.79464,-76.91172,"4"
968041171,45.81522,-76.895714,"4"
968041210,45.791702,-76.902756,"1"
968041237,45.79464,-76.91172,"4"
968041291,45.600586,-77.107544,"1"
968041431,45.815529,-77.142509,"183"
968041507,45.815529,-77.142509,"158"
968041531,45.809177,-77.366669,"12"
968041556,45.818989,-77.220322,"6"
968041579,45.818989,-77.220322,"4"
968041607,45.818989,-77.220322,"4"
968041633,45.818989,-77.220322,"4"
968041655,45.818989,-77.220322,"4"
968041672,45.818989,-77.220322,"3"
968041702,45.818989,-77.220322,"2"
968041778,45.99577,-77.421082,"13"
968041833,45.818989,-77.220322,"4"
968042171,45.815529,-77.142509,"214"
968042200,45.815529,-77.142509,"237"
968042238,45.815529,-77.142509,"318"
968042275,45.815529,-77.142509,"472"
968042326,45.57893,-77.102791,"462"
968042376,45.815529,-77.142509,"457"
968042414,45.815529,-77.142509,"595"
968042453,45.815529,-77.142509,"643"
968042500,45.815529,-77.142509,"828"
968042553,45.815529,-77.142509,"602"
968042597,45.815529,-77.142509,"756"
968042644,45.815529,-77.142509,"779"
968042691,45.815529,-77.142509,"740"
968042735,45.815529,-77.142509,"721"
968042786,45.815529,-77.142509,"599"
968042826,45.815529,-77.142509,"693"
968042872,45.815529,-77.142509,"686"
968042913,45.815529,-77.142509,"632"
968042964,45.815529,-77.142509,"733"
968043019,45.815529,-77.142509,"782"
968043078,45.815529,-77.142509,"721"
968043130,45.815529,-77.142509,"897"
968043182,45.815529,-77.142509,"925"
968043234,45.815529,-77.142509,"1120"
968043272,45.815529,-77.142509,"878"
968043314,45.815529,-77.142509,"898"
968043360,45.815529,-77.142509,"843"
968043408,45.815529,-77.142509,"789"
968043456,45.815529,-77.142509,"907"
968043509,45.815529,-77.142509,"978"
968043557,45.815529,-77.142509,"787"
968043605,45.815529,-77.142509,"741"
968043647,45.818989,-77.220322,"7"
968043663,45.614037,-77.11647,"4"
968043688,45.827316,-77.120125,"1"
968043728,45.791702,-76.902756,"1"
968043793,45.791702,-76.902756,"1"
968043884,45.791702,-76.902756,"1"
968044027,45.791702,-76.902756,"1"
968044086,45.79464,-76.91172,"1"
968044162,45.791702,-76.902756,"1"
968044257,45.79464,-76.91172,"1"
968044288,45.61908,-77.112358,"1"
968044330,45.791702,-76.902756,"1"
968044371,45.884056,-77.246338,"1"
968044431,45.791702,-76.902756,"1"
968044582,45.791702,-76.902756,"1"
968044658,45.557571,-77.417389,"299"
968044684,45.557571,-77.417389,"393"
968044718,45.557571,-77.417389,"321"
968044749,45.557571,-77.417389,"300"
968044786,45.557571,-77.417389,"445"
968044819,45.557571,-77.417389,"444"
968044854,45.557571,-77.417389,"466"
968044884,45.557571,-77.417389,"720"
968044916,45.557571,-77.417389,"826"
968045050,46.050598,-77.524162,"8"
968045684,45.884056,-77.246338,"1"
968045722,45.791702,-76.902756,"1"
968045822,45.791702,-76.902756,"1"
968045880,45.791702,-76.902756,"1"
968045907,45.884056,-77.246338,"1"
968046045,45.818989,-77.220322,"7"
968046698,45.818989,-77.220322,"3"
968047152,45.511097,-77.505333,"4"
968047260,45.818989,-77.220322,"6"
968047299,45.511097,-77.505333,"4"
968047339,45.818989,-77.220322,"7"
968047348,45.790867,-76.783707,"2"
968047364,45.818989,-77.220322,"7"
968047377,45.809177,-77.366669,"6"
968047383,45.818989,-77.220322,"7"
968047394,45.818989,-77.220322,"7"
968047445,45.884056,-77.246338,"1"
968047459,45.821648,-77.300064,"2"
968047992,45.818989,-77.220322,"7"
968048007,45.66671,-76.947128,"2"
968048019,45.809177,-77.366669,"4"
968048047,45.818989,-77.220322,"6"
968048060,45.818989,-77.220322,"5"
968048072,45.818989,-77.220322,"7"
968048093,45.818989,-77.220322,"7"
968048102,45.821648,-77.300064,"1"
968048137,45.818989,-77.220322,"6"
968048155,45.818989,-77.220322,"6"
968048196,45.818989,-77.220322,"6"
968048252,45.821163,-77.113586,"1"
968048272,45.818989,-77.220322,"5"
968048293,45.818989,-77.220322,"3"
968048317,45.438354,-76.336388,"1"
968048361,45.821163,-77.113586,"1"
968048383,45.633461,-77.067146,"1"
968048398,45.818989,-77.220322,"7"
968048505,46.085766,-77.460342,"9"
968048619,46.085766,-77.460342,"1"
968049310,45.818989,-77.220322,"6"
968049321,45.818989,-77.220322,"6"
968049381,45.633461,-77.067146,"1"
968049429,45.838654,-77.234856,"3"
968049442,45.821648,-77.300064,"2"
968049490,45.812889,-77.039017,"1"
968049580,45.884056,-77.246338,"2"
968049618,46.167706,-77.629822,"6"
968049645,45.614037,-77.11647,"4"
968049678,45.614037,-77.11647,"2"
968049697,45.632854,-77.067413,"3"
968049802,45.626408,-77.034775,"1"
968049962,45.818989,-77.220322,"6"
968050016,45.821648,-77.300064,"2"
